Item_ID,ItemClass,Item,Purpose,Specification,Quantity,QuantityUnit,Supplier,SupplierSKU,UnitPrice,Currency,ExtendedPrice,PriceCheckedOn,Availability,ProductURL,SelectionStatus,PriceBasis,Notes
BOM-001,Buy,ESP32-P4-WIFI6 development board,Local image inference and system control,Single board item only; Robu seller reference R255962; no speaker/camera bundle intended,1,board,Robu,R255962,2519.00,INR,,2026-10-06,Not revalidated; Robu returned 403 in this check,https://robu.in/product/waveshare-esp32-p4-wifi6-dev-kit/,Architecture selected; exact retail package unverified,Previous observed display price; do not count in current subtotal,Confirm the package is one board only and verify present price/stock directly with Robu before ordering. Do not substitute Waveshare Basic Kit or A/B/C bundle versions.
BOM-002,Buy,RPi Camera B OV5647 camera,Fixed tray imaging,5 MP standalone camera module; its product package includes flex leads,1,camera,Waveshare,8193,15.99,USD,15.99,2026-10-06,Listed and Add to Cart,https://www.waveshare.com/rpi-camera-b.htm,Provisional interface candidate,Vendor displayed USD price; shipping/import/tax not included,P4 CSI sensor-driver support and cable orientation/pitch are not explicitly confirmed by the seller for this board; verify before ordering. Do not also buy a camera-containing board bundle.
BOM-003,Buy,Single-point load cell,Detect item presence and stable tray load,5 kg nominal capacity; four-wire bridge; standalone load cell,1,each,ElectronicsComp,EC-2989,108.00,INR,108.00,2026-10-06,Listed available quantity 468,https://www.electronicscomp.com/5kg-load-cell-sensor-india,Selected to match specification,Vendor displayed price excludes 18% GST,Use only for presence/stability on the demonstrator. Confirm mechanical mounting span and test-object mass before CAD.
BOM-004,Buy,HX711 load-cell amplifier module,Read the separate 5 kg load cell,24-bit HX711 interface board; standalone module,1,each,ElectronicsComp,EC-1513,36.00,INR,36.00,2026-10-06,Listed available quantity 907,https://www.electronicscomp.com/hx711-load-cell-amplifier-module,Selected; separate purchase,Vendor displayed price excludes 18% GST,This is not a load-cell/HX711 bundle. Operate at 3.3 V logic supply to keep DOUT/PD_SCK compatible with P4 GPIO; confirm the module's pin wiring.
BOM-005,Buy,17HS8401S NEMA-17 stepper motor,Index the four-chamber carousel,48 mm NEMA-17; vendor page does not state rated phase current,1,motor,Robocraze,TIFMC0080,899.00,INR,899.00,2026-10-06,Available on product JSON,https://robocraze.com/products/17hs8401s-nema17-stepper-motor-48mm,Provisional; hold purchase pending driver match,Robocraze displayed price; tax treatment to confirm at checkout,Rated phase current/step angle are absent from the listing text. Obtain the motor datasheet and confirm lead/connector details before pairing with DRV8825.
BOM-006,Buy,DRV8825 stepper-driver module,Drive the carousel motor,STEP/DIR carrier; listing states approximately 1.5 A/phase without extra cooling and higher only with cooling,1,driver,Robocraze,,115.00,INR,115.00,2026-10-06,Available on product suggestion listing,https://robocraze.com/products/drv8825-stepper-motor-driver-module,Provisional; hold purchase pending motor match,Robocraze displayed price; tax treatment to confirm at checkout,Set Vref from the exact carrier sense resistor and motor datasheet. Add the optional driver heatsink only if thermal testing requires it.
BOM-007,Buy,MG90S 180-degree micro servo,Open and close trapdoor,4.8-6.6 V; product text states 2.2 kg-cm torque; included servo lead and mounting hardware,1,servo,Robocraze,,145.00,INR,145.00,2026-10-06,Available on product suggestion listing,https://robocraze.com/products/mg90s-servo-motor,Provisional; mechanical load check required,Robocraze displayed price; tax treatment to confirm at checkout,Verify torque/travel against final flap and linkage. Power from a separate regulated 5 V rail.
BOM-008,Buy,Hall-effect sensor module,Carousel home-position reference,A3144EUA open-collector module; module listing gives conflicting supply ranges,1,module,Robocraze,TIFSS0194,36.00,INR,36.00,2026-10-06,Available on product JSON,https://robocraze.com/products/hall-effect-sensor-module,Provisional; verify electrical details,Robocraze displayed price; tax treatment to confirm at checkout,Keep the P4 GPIO at 3.3 V: use an external pull-up to 3.3 V if the output is open collector; never pull the signal up to 5 V. Confirm actual board pin behavior.
BOM-009,Buy,Neodymium disc magnet,Trigger Hall home sensor,5 mm diameter × 3 mm thick; one individual magnet,1,magnet,Probots,PRO6207,29.00,INR,29.00,2026-10-06,In stock,https://probots.co.in/5mm-x-3mm-neodymium-round-magnet.html,Provisional size candidate,Vendor price includes GST,Check trigger distance/pole orientation on the selected Hall module; retain mechanically in the printed magnet holder.
BOM-010,Buy,1.3-inch I2C OLED display,Show state and destination,128 × 64 pixels; 4-pin I2C; confirm controller IC,1,display,Robocraze,TIFDP0002,339.00,INR,339.00,2026-10-06,Available on product JSON,https://robocraze.com/products/1-3in-oled-display,Provisional; verify controller IC,Current product variant price; page body also contains stale ₹272 copy,Current variant metadata showed ₹339. Confirm controller/library compatibility and checkout price before purchase. Power at 3.3 V and verify I2C pull-up voltage before connection to P4.
BOM-011,Buy,5 mm white LEDs,Fixed camera illumination,Discrete through-hole emitters; seller package contains 10 LEDs,1,pack of 10,Robocraze,TIFCB0809,31.00,INR,31.00,2026-10-06,Available on product JSON,https://robocraze.com/products/5mm-white-led-pack-of-10,Provisional light-source candidate,Robocraze displayed price; tax treatment to confirm at checkout,Use only the number needed after exposure/glare testing. Feed from a regulated 5 V rail through individual resistors; never power the LEDs from a P4 GPIO. Printed PR-022 is the diffuser carrier.
BOM-012,Buy,220 ohm axial resistors,Limit current for discrete white LEDs,Carbon-film resistors; seller package contains 10 individual resistors,1,pack of 10,Robocraze,TIFCB1201,9.00,INR,9.00,2026-10-06,Available on product JSON,https://robocraze.com/products/220-ohm-resistor-pack-of-10,Provisional; calculate from actual LED Vf/current,Robocraze displayed price; tax treatment to confirm at checkout,Use one series resistor per LED. Confirm LED forward voltage and desired current from a 5 V rail.
BOM-013,Buy,4.7 kilo-ohm axial resistors,Provide a 3.3 V pull-up for Hall output if needed,Carbon-film resistors; seller package contains 10 individual resistors,1,pack of 10,Robocraze,TIFCB1204,12.00,INR,12.00,2026-10-06,Available on product JSON,https://robocraze.com/products/4-7k-resistor-pack-of-10,Provisional; verify Hall module output circuit,Robocraze displayed price; tax treatment to confirm at checkout,Only one resistor is expected to be used for the home-sensor pull-up; do not connect a 5 V pull-up to P4 GPIO.
BOM-014,Buy,12 V 5 A DC adapter,Supply stepper-driver input rail,60 W adapter with 5.5 mm DC plug; exact barrel inner diameter/polarity to confirm,1,adapter,Robocraze,,429.00,INR,429.00,2026-10-06,Available on product suggestion listing,https://robocraze.com/products/kento-g-12v-power-adapter-5a-60w-with-5-5mm-dc-plug-standard-ac-to-dc-power-supply,Provisional; verify connector and motor demand,Robocraze displayed price; tax treatment to confirm at checkout,Safe enclosed adapter candidate; confirm 5.5 mm plug dimensions and center polarity. Do not connect until power wiring is checked.
BOM-015,Buy,LM2596 adjustable buck converter (servo rail),Create a separately regulated servo rail,12 V input to adjustable 5 V output; seller claims up to 3 A Servo rail only; a second identical module feeds the logic rail.,1,module,Robocraze,TIFPS0029,48.00,INR,48.00,2026-10-06,Available on product JSON,https://robocraze.com/products/lm2596-dc-dc-buck-module,Provisional; confirm transient capability,Robocraze displayed price; tax treatment to confirm at checkout,Set output to 5.0 V and verify with a multimeter before attaching the MG90S. Keep motor and servo power paths separated; share signal ground as required. Label this module SERVO so it is never confused with the logic buck.
BOM-016,Buy,LM2596 adjustable buck converter (logic rail),Create the regulated 5 V rail for the P4 board and low-current electronics,12 V input to 5.0 V output; identical LM2596 module to the servo rail; seller claims up to 3 A,1,module,Robocraze,TIFPS0029,48.00,INR,48.00,2026-10-06,Available on product JSON,https://robocraze.com/products/lm2596-dc-dc-buck-module,Selected; separate physical module from the servo rail,Robocraze displayed price; tax treatment to confirm at checkout,Feed VOUT to the P4 40-pin header VCC_5V and GND only; never into ESP_3V3 or VBUS_OUT. Set 5.0 V and meter before connecting. Common star GND with the 12 V rail. Do not connect USB-C power while header-powered. Label this module LOGIC.
BOM-017,Buy,USB-C data cable 1 m,Flash/debug the controller from a development computer; data-only while the demonstrator runs on the single 12 V input,USB-A to USB-C; listing explicitly supports data transfer,1,cable,Robocraze,,74.00,INR,74.00,2026-10-06,Available on product suggestion listing,https://robocraze.com/products/erd-uc-230-usb-type-c-fast-charging-data-cable-1-meter,Provisional; verify cable data function,Robocraze displayed price; tax treatment to confirm at checkout,"Do not substitute a power-only cable. For flashing, disconnect the 12 V input first so USB VBUS and the header-fed VCC_5V never drive the rail together. USB host connector type depends on the development computer."
BOM-018,Buy,Female-to-female jumper wires,Temporary low-voltage signal wiring during demonstrator bring-up,20 cm leads with 2.54 mm connectors; seller package contains 40 individual wires,1,pack of 40,Robocraze,,55.00,INR,55.00,2026-10-06,Available on product suggestion listing,https://robocraze.com/products/f2f-jumper-wires-20cm-40pcs,Provisional; check board/module header genders,Robocraze displayed price; tax treatment to confirm at checkout,"A commodity wire pack, not a preassembled project kit. Replace with secured harness wiring for the final tabletop demo."
BOM-019,Buy,eSun PLA+ cold-white filament,Material for the registered printed structures,1.75 mm FDM filament; one 1 kg spool,1,spool,Robocraze,TIF3P0358,1339.00,INR,1339.00,2026-10-06,Available on product JSON,https://robocraze.com/products/esun-1-75mm-pla-3d-printing-filament-1kg-cold-white-color,Provisional minimum purchase unit,Robocraze displayed price; tax treatment to confirm at checkout,One spool is a planning line only; it may not cover the 30-part register. Determine mass and spool count from final CAD and slicer output.
BOM-020,Buy,Carousel turntable bearing,Support radial/axial carousel load,One bearing or engineered equivalent; diameter and mounting pattern depend on CAD,1,bearing,TBD,,,,,2026-10-06,Not selected,https://probots.co.in/robotics-hardware/mechanical-accessories.html,Unpriced; fit-dependent,No exact bearing SKU selected,Do not substitute four generic bearings without a designed race/support arrangement; select after rotor diameter and load path are known.
BOM-021,Buy,Motor-to-carousel shaft coupling or hub,Transfer stepper torque to carrier,Match exact motor shaft and selected support shaft; prevent slip,1,coupler/hub,Probots,,,,,2026-10-06,Not selected,https://probots.co.in/robotics-hardware/shaft-couplers.html,Unpriced; fit-dependent,No exact shaft-compatible SKU selected,"Select after motor shaft diameter, carrier hub geometry, and bearing stack are defined. PR-012 is the printed hub/spider and does not replace a required metal coupling."
BOM-022,Buy,DC barrel jack breakout,Required entry point of the single 12 V input into low-voltage distribution,5.5 mm jack breakout to screw terminal; inner diameter/polarity TBD,1,adapter,Probots,,,,,2026-10-06,Required; exact SKU TBD,https://probots.co.in/tools-connectors/connectors/,Unpriced; exact SKU not verified,Supplier category only,Confirm adapter plug size before purchasing; do not cut the mains side or expose AC conductors.
BOM-023,Buy,Low-voltage master power switch,Required accessible disconnect for the single 12 V demonstrator input,DC rated for final adapter/motor input current,1,switch,Probots,,,,,2026-10-06,Required; exact SKU TBD,https://probots.co.in/electronic-components/switches.html,Unpriced; current rating depends on selected motor,Supplier category only,Place on the low-voltage DC side; choose rating after motor/driver current is verified.
BOM-024,Buy,Inline DC fuse and holder,Limit fault current on the 12 V rail,Fuse rating/type selected from declared load and adapter,1,fuse set,Probots,,,,,2026-10-06,Required; exact SKU TBD,,Unpriced; rating depends on final current,No exact product selected,"Determine rating and wire gauge after motor current, startup behavior, and 12 V branch layout are known."
BOM-025,Buy,M3 × 8 mm screw and nut pair,Short printed-part/electronics mounting joints,One pan-head M3 × 8 mm screw plus one M3 nut per purchase unit,TBD after CAD,pair,Probots,PRO2519,3.00,INR,,2026-10-06,In stock,https://probots.co.in/m3x8mm-bolts-and-nuts.html,Length candidate; quantity CAD-dependent,Vendor price includes GST,"The listing is one screw-and-nut pair, not an assorted kit. Confirm head clearance and grip length."
BOM-026,Buy,M3 × 10 mm screw and nut pair,Printed-part/electronics mounting joints,One pan-head M3 × 10 mm screw plus one M3 nut per purchase unit,TBD after CAD,pair,Probots,PRO2520,3.00,INR,,2026-10-06,In stock,https://probots.co.in/m3x10mm-bolts-and-nuts.html,Length candidate; quantity CAD-dependent,Vendor price includes GST,"The listing is one screw-and-nut pair, not an assorted kit. Confirm head clearance and grip length."
BOM-027,Buy,M3 × 20 mm screw and nut pair,Panel/chassis assembly joints,One pan-head M3 × 20 mm screw plus one M3 nut per purchase unit,TBD after CAD,pair,Probots,PRO2527,3.00,INR,,2026-10-06,In stock,https://probots.co.in/m3x20mm-bolts-and-nuts.html,Length candidate; quantity CAD-dependent,Vendor price includes GST,"The listing is one screw-and-nut pair, not an assorted kit. Confirm printed wall/grip length."
BOM-028,Buy,M3 × 25 mm screw and nut pair,Panel/chassis assembly joints,One pan-head M3 × 25 mm screw plus one M3 nut per purchase unit,TBD after CAD,pair,Probots,PRO2528,3.00,INR,,2026-10-06,In stock,https://probots.co.in/m3x25mm-bolts-and-nuts.html,Length candidate; quantity CAD-dependent,Vendor price includes GST,"The listing is one screw-and-nut pair, not an assorted kit. Confirm printed wall/grip length."
BOM-029,Buy,M3 flat washers,Spread clamping load at printed joints,Size and quantity to match selected M3 fasteners,TBD after CAD,washer,Probots,,,,,2026-10-06,Not selected,https://probots.co.in/robotics-hardware/mechanical-accessories.html,Unpriced; CAD-dependent,Supplier category only,Do not order until interface stack-up and quantity are established.
BOM-030,Buy,Board standoffs and mounting fasteners,Mount P4 board and peripheral modules,Thread and height must match selected board and printed mounts,TBD after board drawing,standoff set,Probots,,,,,2026-10-06,Not selected,https://probots.co.in/robotics-hardware/mechanical-accessories.html,Unpriced; drawing-dependent,Supplier category only,Do not assume P4 mounting-hole size.
BOM-031,Buy,Trapdoor hinge pin or shoulder screw,Form the trapdoor pivot,Select diameter/length after flap and hinge geometry is designed,TBD after CAD,pin,Probots,,,,,2026-10-06,Not selected,https://probots.co.in/robotics-hardware/mechanical-accessories.html,Unpriced; CAD-dependent,Supplier category only,An M3 fastener may be used only if its fit and wear surface are acceptable.
BOM-032,Buy,Four-conductor motor extension wire/connector,Connect NEMA-17 windings to driver,Wire gauge and connector depend on motor lead and driver current,TBD after motor selection,harness,Robocraze,,,,,2026-10-06,Not selected,https://robocraze.com/collections/wires-connectors,Unpriced; motor-dependent,Supplier category only,Verify whether the selected motor includes a suitable cable before ordering extensions.
BOM-033,Consumable,Signal/power hook-up wire,Finalize low-voltage harness and power branches,Insulation and wire gauge selected from current and wiring diagram,As needed,wire,Robocraze,,,,,2026-10-06,Not priced,https://robocraze.com/collections/wires-connectors,Unpriced; lengths/gauges TBD,No exact wire gauge/length selected,Use appropriately sized insulated wire; do not use jumper leads for motor-current wiring.
BOM-034,Consumable,Heat-shrink tubing,Insulate soldered low-voltage joints,Diameter and length after harness layout,As needed,consumable,TBD,,,,,2026-10-06,Not selected,,Unpriced; wiring-dependent,No exact product selected,Use only on low-voltage wiring; keep moving wiring clear of the carousel.
BOM-035,Consumable,Electronics solder,Terminate leads and connectors,Lead-free or rosin-core solder selected by owner,As needed,consumable,TBD,,,,,2026-10-06,Owner/lab stock assumed,https://www.electronicscomp.com/tools-connectors,Unpriced; owner stock unknown,Category page only,Do not include in subtotal; quantity depends on assembly method.
BOM-036,Consumable,Cable ties or reusable cable restraints,Keep wiring out of moving envelopes,Small ties or clips sized after wiring plan,As needed,consumable,Probots,,,,,2026-10-06,Not selected,https://probots.co.in/robotics-hardware/mechanical-accessories.html,Unpriced; quantity TBD,Supplier category only,Printed cable guides PR-029 are also required; do not route wires over the rotor/hinge sweep.
BOM-037,Consumable,Cyanoacrylate or epoxy adhesive,Retain the home magnet if its holder requires adhesive,Use only the quantity/material compatible with selected printed plastic,As needed,adhesive,Owner/lab stock,,,,,2026-10-06,Owner stock assumed,,Optional; unpriced,No exact product selected,"Prefer a mechanically captured magnet; adhesive is secondary retention, not a structural carousel joint."
BOM-038,Optional,IR break-beam sensor pair,Optional drop-clear confirmation,Only if added after first demonstrator integration,1,pair,Robocraze,,,,,2026-10-06,Optional; not baseline,https://robocraze.com/collections/sensors,Unpriced; optional feature,Supplier category only,The first build does not require this sensor.
BOM-039,Buy,2.54 mm header pins and module interconnects,"Connect individual breakouts to the selected board/harness, including the VCC_5V and GND header-power leads",Quantities and genders depend on the P4 board package and exact module headers,As required,connector,Probots,,,,,2026-10-06,Not selected,https://probots.co.in/tools-connectors/connectors/,Unpriced; wiring-dependent,Supplier category only,Inspect module/board headers first; size the VCC_5V/GND leads for the logic-rail current. Do not purchase a connector kit or duplicate preinstalled headers.
BOM-040,Buy,Low-voltage DC distribution terminal block,"Required split of the single 12 V rail to stepper driver, servo buck and logic buck",At least two output branches; current rating must match final rail and wiring,1,block,Probots,,,,,2026-10-06,Required; exact SKU TBD,https://probots.co.in/tools-connectors/connectors/,Unpriced; wiring-dependent,Supplier category only,Choose connector type/rating after wiring diagram; do not use solderless jumper wire for motor-current branches.
PR-001,Make-3D,Lower chassis/base frame,Support fixed deck bearing motor and enclosure,One assembly; split into keyed panels/segments if it exceeds print envelope,1,assembly,,,,,,2026-10-06,Make after CAD,,Planned print,Material mass and cost require CAD/slicer,Preferred design envelope is 210 × 210 × 240 mm per print; absolute limit is 220 × 220 × 250 mm.
PR-002,Make-3D,Outer enclosure side panels,Enclose and support demonstrator,Four or more panels; split vertically if over 250 mm,4+,panel,,,,,,2026-10-06,Make after CAD,,Planned print,Material mass and cost require CAD/slicer,Panel count may rise if the enclosure is segmented for the printer.
PR-003,Make-3D,Fixed upper deck/top plate,Support fixed tray and constrain drop path,One assembly; split into keyed sections if oversized,1,assembly,,,,,,2026-10-06,Make after CAD,,Planned print,Material mass and cost require CAD/slicer,Keep clear of chamber and carousel sweep.
PR-004,Make-3D,Fixed drop-station collar/guide,Direct dropped item into selected chamber,One short guide; split only if print-height limit requires,1,part,,,,,,2026-10-06,Make after CAD,,Planned print,Material mass and cost require CAD/slicer,Opening depends on the unresolved demonstration-object envelope.
PR-005,Make-3D,Input tray body,Receive and locate one demonstration object,One part or keyed halves,1,part,,,,,,2026-10-06,Make after CAD,,Planned print,Material mass and cost require CAD/slicer,"Tray opening, object envelope, and load path remain TBD."
PR-006,Make-3D,Tray/load-cell support frame,Transfer tray force through load cell,Separate from trapdoor reaction structure,1,assembly,,,,,,2026-10-06,Make after CAD,,Planned print,Material mass and cost require CAD/slicer,Mounting span must match the selected 5 kg sensor.
PR-007,Make-3D,Trapdoor flap,Release object after carousel indexing,Separate moving flap with pivot and linkage clearance,1,part,,,,,,2026-10-06,Make after CAD,,Planned print,Material mass and cost require CAD/slicer,Avoid binding against guide/tray and confirm servo torque.
PR-008,Make-3D,Trapdoor hinge supports,Support flap pivot,Left/right blocks or a bridge if it fits,2,blocks,,,,,,2026-10-06,Make after CAD,,Planned print,Material mass and cost require CAD/slicer,Use purchased pivot hardware only after CAD fit review.
PR-009,Make-3D,Servo mount,Locate MG90S and permit endpoint adjustment,Slotted or adjustable printed bracket,1,part,,,,,,2026-10-06,Make after CAD,,Planned print,Material mass and cost require CAD/slicer,Keep servo reaction loads from bypassing the load-cell force path.
PR-010,Make-3D,Servo linkage/horn adapter,Transfer servo motion to trapdoor,Small replaceable part; do not use printed flex as hinge,1,part,,,,,,2026-10-06,Make after CAD,,Planned print,Material mass and cost require CAD/slicer,Check MG90S horn spline and linkage geometry.
PR-011,Make-3D,Carousel carrier plate,Retain and rotate four chambers,One plate or four keyed quadrants,1,assembly,,,,,,2026-10-06,Make after CAD,,Planned print,Material mass and cost require CAD/slicer,Positive locating/bolting required; adhesive alone is not the baseline joint.
PR-012,Make-3D,Center hub/spider,Connect carrier to selected drive coupling,One central hub with fastener interface,1,part,,,,,,2026-10-06,Make after CAD,,Planned print,Material mass and cost require CAD/slicer,Does not replace the separately selected metal shaft coupling if required.
PR-013,Make-3D,Bearing seat/retainer,Locate purchased carousel support bearing,One assembly; split retainers if needed for service,1,assembly,,,,,,2026-10-06,Make after CAD,,Planned print,Material mass and cost require CAD/slicer,Bearing size and mounting pattern are not selected.
PR-014,Make-3D,Chamber A,Contain class A demonstration item,Removable chamber with common carousel interface,1,chamber,,,,,,2026-10-06,Make after CAD,,Planned print,Material mass and cost require CAD/slicer,Equal model-scale chamber volumes are acceptable; exact volume TBD.
PR-015,Make-3D,Chamber B,Contain class B demonstration item,Same locating/opening interface as A,1,chamber,,,,,,2026-10-06,Make after CAD,,Planned print,Material mass and cost require CAD/slicer,Make chamber identity visible and unambiguous.
PR-016,Make-3D,Chamber C,Contain class C demonstration item,Same locating/opening interface as A,1,chamber,,,,,,2026-10-06,Make after CAD,,Planned print,Material mass and cost require CAD/slicer,Make chamber identity visible and unambiguous.
PR-017,Make-3D,Chamber D,Contain fallback/other demonstration item,Same locating/opening interface as A,1,chamber,,,,,,2026-10-06,Make after CAD,,Planned print,Material mass and cost require CAD/slicer,D is not a hazardous-waste container.
PR-018,Make-3D,Chamber retention clips/rails,Prevent chamber movement on carrier,Removable locating features,4+,clip/rail,,,,,,2026-10-06,Make after CAD,,Planned print,Material mass and cost require CAD/slicer,Final count follows chosen chamber geometry.
PR-019,Make-3D,Stepper motor bracket,Mount motor below carrier/bearing plane,Leave access to shaft/coupler,1,part,,,,,,2026-10-06,Make after CAD,,Planned print,Material mass and cost require CAD/slicer,Hole pattern must match selected NEMA-17 frame and shaft arrangement.
PR-020,Make-3D,Camera hood/bracket,Hold camera fixed relative to tray,One assembly with cable clearance,1,assembly,,,,,,2026-10-06,Make after CAD,,Planned print,Material mass and cost require CAD/slicer,Keep camera fixed; do not rotate with carousel.
PR-021,Make-3D,Camera bezel/lens guard,Protect lens and repeat camera position,One small bezel,1,part,,,,,,2026-10-06,Make after CAD,,Planned print,Material mass and cost require CAD/slicer,Keep the field of view and focus clear.
PR-022,Make-3D,LED diffuser/light carrier,Mount fixed LEDs and diffuse tray illumination,One carrier with diffuser geometry,1,part,,,,,,2026-10-06,Make after CAD,,Planned print,Material mass and cost require CAD/slicer,LED count and spacing depend on glare/exposure test.
PR-023,Make-3D,Hall-sensor bracket,Position home sensor,Fixed bracket with calibration adjustment,1,part,,,,,,2026-10-06,Make after CAD,,Planned print,Material mass and cost require CAD/slicer,Set sensor gap after selecting the magnet.
PR-024,Make-3D,Magnet holder,Retain home magnet on carrier,Mechanically capture 5 × 3 mm candidate magnet,1,part,,,,,,2026-10-06,Make after CAD,,Planned print,Material mass and cost require CAD/slicer,Avoid magnet release during carousel movement.
PR-025,Make-3D,OLED bezel/display mount,Mount status display on visible face,One mount sized after exact OLED dimensions,1,part,,,,,,2026-10-06,Make after CAD,,Planned print,Material mass and cost require CAD/slicer,Confirm display PCB hole locations before CAD freeze.
PR-026,Make-3D,Removable service/access panel,Permit chamber/electronics access,One or more removable panels,1+,panel,,,,,,2026-10-06,Make after CAD,,Planned print,Material mass and cost require CAD/slicer,Retention method and count depend on enclosure layout.
PR-027,Make-3D,Bottom motor/rotor cover,Guard bottom mechanism,One assembly with service access,1,assembly,,,,,,2026-10-06,Make after CAD,,Planned print,Material mass and cost require CAD/slicer,Do not permanently obscure bearing/coupler fasteners.
PR-028,Make-3D,Feet/pads,Support model and reduce sliding,Four printed feet or pads,4,foot/pad,,,,,,2026-10-06,Make after CAD,,Planned print,Material mass and cost require CAD/slicer,Non-slip inserts are optional and separately unpriced.
PR-029,Make-3D,Cable guides/clips,Route stationary wires away from moving components,6 to 12 clips,6-12,clip,,,,,,2026-10-06,Make after CAD,,Planned print,Material mass and cost require CAD/slicer,Final count follows wiring layout.
PR-030,Make-3D,Optional beam-break brackets,Mount optional chute sensor pair,Only required if BOM-038 is selected,2,bracket,,,,,,2026-10-06,Optional make,,Optional print,Material mass and cost require CAD/slicer,Not part of the first-build baseline.
TOOL-001,Tool,FDM 3D printer or print-service access,Fabricate PR-001 through PR-030,Usable build volume must meet at least 220 ? 220 ? 250 mm,1,access,,,,,,2026-10-06,Assumed owned/shared; verify access,,Required access; unpriced,No product-specific quote,A printer is not assumed to be purchased; use shared/lab access if available.
TOOL-002,Tool,Development computer,Run FreeCAD/slicer and train/convert model,Operating system and RAM/storage requirements TBD after model choice,1,computer,,,,,,2026-10-06,Assumed owned/shared; verify access,,Required access; unpriced,No product-specific quote,Used for CAD/firmware build and AI dataset/training workflow.
TOOL-003,Tool,Digital multimeter,Check regulated rails and wiring before connection,DC voltage/current measurement with suitable range,1,meter,,,,,,2026-10-06,Assumed owned/shared; verify access,,Required access; unpriced,No exact meter selected,Set the buck to 5.0 V before connecting the servo.
TOOL-004,Tool,Soldering iron or station,Make low-voltage wiring terminations,Temperature-controlled station preferred for small electronics wiring,1,station,,,,,,2026-10-06,Assumed owned/shared; verify access,,Required access; unpriced,No exact station selected,Use appropriate ventilation and hand protection.
TOOL-005,Tool,Wire cutter and stripper,Prepare signal/power harnesses,Tool sized for selected conductor gauge,1,set,,,,,,2026-10-06,Assumed owned/shared; verify access,,Required access; unpriced,No exact tool selected,Do not strip or cut the mains side of the adapter.
TOOL-006,Tool,Small screwdrivers and hex keys,Assemble printed structure and modules,Driver sizes depend on final fastener head selection,1,set,,,,,,2026-10-06,Assumed owned/shared; verify access,,Required access; unpriced,No exact tool selected,Confirm access and fastener drive after CAD.
TOOL-007,Tool,Known-mass reference objects or calibration weights,Calibrate HX711/load-cell tare and scale factor,Use known masses within load-cell range; no production metrology claim,1,set,,,,,,2026-10-06,Owner/lab access assumed,,Required access; unpriced,No reference set selected,Use a separately measured known mass; do not rely on a guessed reference value.
SW-001,Software,FreeCAD,Parametric CAD and assembly definition,Free/open-source; record exact version at project start,1,installation,,,0.00,N/A,0.00,2026-10-06,Available,https://www.freecad.org/downloads.php,Free software,No purchase price,Use for native part/assembly files and drawing/STEP/STL exports.
SW-002,Software,ESP-IDF,Build and flash P4 firmware,Espressif IoT Development Framework; pin version,1,installation,,,0.00,N/A,0.00,2026-10-06,Available,https://github.com/espressif/esp-idf,Free software,No purchase price,Version and compiler must be recorded when implementation begins.
SW-003,Software,ESP-DL,Run local image inference on P4,Espressif deep-learning runtime; confirm supported operators/model format,1,installation,,,0.00,N/A,0.00,2026-10-06,Available,https://github.com/espressif/esp-dl,Free software,No purchase price,Training/model conversion framework remains to be selected.
SW-004,Software,Python,Dataset utilities and training/conversion scripts,Pin runtime and package dependencies,1,installation,,,0.00,N/A,0.00,2026-10-06,Available,https://www.python.org/downloads/,Free software,No purchase price,No model framework is frozen in this BOM.
SW-005,Software,Git,Source and document version control,Use repository remote and record source revision,1,installation,,,0.00,N/A,0.00,2026-10-06,Available,https://git-scm.com/downloads,Free software,No purchase price,Do not commit credentials or private datasets.
SW-006,Software,FDM slicer,Generate print jobs and material usage,Use printer-compatible slicer; version/profile TBD,1,installation,,,0.00,N/A,0.00,2026-10-06,Available,https://ultimaker.com/software/ultimaker-cura/,Free software,No purchase price,Slicer material estimates are required before filament quantity/cost can be finalized.
FILE-001,Project file,System specification,Controlled architecture/requirements reference,docs/specs/EcoBin-Demonstrator-System-Specification.md,1,deliverable,,,,,,2026-10-06,Present in repository,,Existing deliverable,No purchase price,Draft Rev 0.2; unresolved assumptions remain open.
FILE-002,Project file,README and supplier Buy section,Project entry point and grouped supplier order links,README.md,1,deliverable,,,,,,2026-10-06,Present in repository,,Existing deliverable,No purchase price,Includes source/price and no-kit notes.
FILE-003,Project file,Itemized BOM,Source of quantities prices URLs statuses and tooling assumptions,docs/bom/EcoBin-Demonstrator-BOM.csv,1,deliverable,,,,,,2026-10-06,Present in repository,,Existing deliverable,No purchase price,Update price/date/stock before each order and freeze CAD-dependent counts after design.
FILE-004,Project file,Native CAD parts and assembly,Model frame tray gate carousel chambers and purchased interfaces,3D-Design/parts/ and 3D-Design/assemblies/,1,deliverable,,,,,,2026-10-06,Planned,,Planned deliverable,No purchase price,Part files must follow the per-print build envelope.
FILE-005,Project file,Controlled CAD exports,Manufacturing and viewing neutral exports,3D-Design/exports/,1,deliverable,,,,,,2026-10-06,Planned,,Planned deliverable,No purchase price,STEP/STL/3MF/PDF; preserve source FreeCAD files.
FILE-006,Project file,Firmware source and tests,Implement state machine sensors display stepper and servo control,firmware/src/ firmware/include/ firmware/test/,1,deliverable,,,,,,2026-10-06,Planned,,Planned deliverable,No purchase price,Record ESP-IDF/ESP-DL and peripheral driver versions.
FILE-007,Project file,AI dataset manifest and training assets,Track approved images labels splits and training runs,ai-model/datasets/ and ai-model/training/,1,deliverable,,,,,,2026-10-06,Planned,,Planned deliverable,No purchase price,Dataset quantity/licensing and storage policy remain TBD; do not commit restricted or large assets without a policy.
FILE-008,Project file,Deployable model and evaluation evidence,Record ESP-DL model identity metrics and held-out evaluation,ai-model/exports/ and ai-model/evaluation/,1,deliverable,,,,,,2026-10-06,Planned,,Planned deliverable,No purchase price,Model size/format/accuracy/latency are not yet validated.
FILE-009,Project file,Electrical schematic and wiring map,Resolve exact GPIO power grounds connectors and harness,electronics/schematics/ and electronics/wiring-diagrams/,1,deliverable,,,,,,2026-10-06,Planned,,Planned deliverable,No purchase price,Must be completed before locking connector and wire quantities.
FILE-010,Project file,Datasheet and source archive,Keep datasheets and supplier SKU snapshots for selected parts,electronics/datasheets/ and docs/research/,1,deliverable,,,,,,2026-10-06,Planned,,Planned deliverable,No purchase price,Save source date and distinguish verified from provisional selections.
DATA-001,Test material,Controlled sample objects and permitted images,Demonstrate four class routing and train/test local model,Owner-selected clean dry items; samples and quantities TBD,As defined by dataset plan,sample set,Owner supplied,,,,,2026-10-06,Owner supplied or reused,,No acquisition cost assumed,No price claimed,Use original/permissioned images and safe dry demonstrator items only; no actual waste/hazardous materials.
